<?xml version="1.0" encoding="UTF-8"?>
<!DOCTYPE mapper PUBLIC "-//mybatis.org//DTD Mapper 3.0//EN"
        "http://mybatis.org/dtd/mybatis-3-mapper.dtd">

<mapper namespace="cn.edu.usts.cs2018.dao.mapper.DrawingMachineMapper" >

    <resultMap type="cn.edu.usts.cs2018.entity.DrawingMachine" id="DrawingMachineMap">
        <id property="id" column="id"></id>
        <result property="status" column="status"></result>
        <result property="itemId" column="itemId"></result>
    </resultMap>


    <insert id="insert" parameterType="cn.edu.usts.cs2018.entity.DrawingMachine" keyProperty="id">
        <choose>
            <when test="id ==0">
                insert into drawingmachine(status,itemId)
                values (#{status},#{itemId});

            </when>
            <when test="id!=0">
                insert into drawingmachine(id,status,itemId)
                values (#{id},#{status},#{itemId});

            </when>
        </choose>

    </insert>

    <update id="update" parameterType="cn.edu.usts.cs2018.entity.DrawingMachine">
        update drawingmachine
            set status=#{status},itemId=#{itemId}
            where id=#{id};
    </update>

    <delete id="delete" parameterType="int">
        delete from drawingmachine where id=#{id};
    </delete>

    <select id="getMachine" parameterType="Integer" resultMap="DrawingMachineMap">
        select *from drawingmachine where id=#{id}
    </select>
    <select id="getMachinesByStatus" parameterType="Integer" resultMap="DrawingMachineMap">
        select *from drawingmachine where status=#{status}
    </select>
    <select id="getAllMachines" resultMap="DrawingMachineMap">
        select * from drawingmachine;
    </select>
</mapper>
