<?xml version="1.0" encoding="UTF-8"?>
<!DOCTYPE mapper PUBLIC "-//mybatis.org//DTD Mapper 3.0//EN"
        "http://mybatis.org/dtd/mybatis-3-mapper.dtd">

<mapper namespace="cn.edu.usts.cs2018.dao.mapper.ItemMapper" >

    <resultMap type="cn.edu.usts.cs2018.entity.Item" id="ItemMap">
        <id property="id" column="id"></id>
        <result property="state" column="state"></result>
        <result property="mouldId" column="mouldId"></result>
        <result property="date" column="date"></result>
        <result property="weight" column="weight"></result>
        <result property="drawingMachineId" column="drawingMachineId"></result>
        <result property="coatingMachineId" column="coatingMachineId"></result>
        <result property="curentState" column="curentState"></result>
    </resultMap>


    <insert id="insert" parameterType="cn.edu.usts.cs2018.entity.Item" keyProperty="id">
        <choose>
            <when test="id ==0">
                insert into item(state,mouldId,date,weight,drawingMachineId,coatingMachineId,curentState)
                values (#{state},#{mouldId},#{date},#{weight},#{drawingMachineId},#{coatingMachineId},#{curentState});

            </when>
            <when test="id!=0">
                insert into item(id,state,mouldId,date,weight,drawingMachineId,coatingMachineId,curentState)
                values (#{id},#{state},#{mouldId},#{date},#{weight},#{drawingMachineId},#{coatingMachineId},#{curentState});

            </when>
        </choose>

    </insert>

    <update id="update" parameterType="cn.edu.usts.cs2018.entity.Item">
        update item
            set state=#{state},mouldId=#{mouldId},date=#{date},weight=#{weight},drawingMachineId=#{drawingMachineId},coatingMachineId=#{coatingMachineId},curentState=#{curentState}
            where id=#{id};
    </update>

    <delete id="delete" parameterType="int">
        delete from item where id=#{id};
    </delete>

    <select id="getItem" parameterType="Integer" resultMap="ItemMap">
        select *from item where id=#{id}
    </select>
    <select id="getItemsByState" parameterType="Integer" resultMap="ItemMap">
        select *from item where state=#{state}
    </select>
    <select id="getItemsByMould" parameterType="Integer" resultMap="ItemMap">
        select *from item where mouldId=#{mouldId}
    </select>
    <select id="getItemsByStateAndCurrentState" resultMap="ItemMap">
        select * from item where state=#{state} and curentState=#{curentState};
    </select>
    <select id="getItemsByDrawingMachine" parameterType="Integer" resultMap="ItemMap">
        select *from item where drawingMachineId=#{drawingMachineId}
    </select>
    <select id="getItemsByCoatingMachine" parameterType="Integer" resultMap="ItemMap">
        select *from item where coatingMachineId=#{coatingMachineId}
    </select>
    <select id="getLimitedCountItemsByStateAndCurrentState" resultMap="ItemMap">
        select * from item where state=#{state} and curentState=#{curentState} limit #{count};
    </select>
    <select id="getAllItems" resultMap="ItemMap">
        select * from item;
    </select>
</mapper>
