<?xml version="1.0" encoding="UTF-8"?>
<!DOCTYPE mapper PUBLIC "-//mybatis.org//DTD Mapper 3.0//EN"
        "http://mybatis.org/dtd/mybatis-3-mapper.dtd">

<mapper namespace="cn.edu.usts.cs2018.dao.mapper.StaffMapper" >

    <resultMap type="cn.edu.usts.cs2018.entity.Staff" id="StaffMap">
        <id property="id" column="id"></id>
        <result property="name" column="name"></result>
        <result property="password" column="password"></result>
        <result property="position" column="position"></result>
    </resultMap>


    <insert id="insert" parameterType="cn.edu.usts.cs2018.entity.Staff" keyProperty="id">
        <choose>
            <when test="id ==0">
                insert into staff(name,password,position)
                values (#{name},#{password},#{position});

            </when>
            <when test="id!=0">
                insert into staff(id,name,password,position)
                values (#{id},#{name},#{password},#{position});

            </when>
        </choose>

    </insert>

    <update id="update" parameterType="cn.edu.usts.cs2018.entity.Staff">
        update staff
            set name=#{name},password=#{password},position=#{position}
            where id=#{id};
    </update>

    <delete id="delete" parameterType="int">
        delete from staff where id=#{id};
    </delete>

    <select id="getStaff" parameterType="Integer" resultMap="StaffMap">
        select *from staff where id=#{id}
    </select>
    <select id="getStaffByName" parameterType="String" resultMap="StaffMap">
        select *from staff where name=#{name}
    </select>
    <select id="getStaffList" resultMap="StaffMap">
        select * from staff;
    </select>
</mapper>
